variant,samples,mean_ns,min_ns,max_ns,stddev_ns,ci95_ns
atomic_flag,1000,13.6,0,84,19.7,1.2
atomic_flag,1000,13.6,0,42,19.6,1.2
atomic_flag,1000,13.6,0,42,19.5,1.2
atomic_flag,1000,13.6,0,83,19.6,1.2
atomic_flag,1000,13.5,0,42,19.5,1.2
atomic_flag,1000,13.9,0,84,19.7,1.2
atomic_flag,1000,14.0,0,83,19.8,1.2
atomic_flag,1000,13.8,0,42,19.6,1.2
atomic_flag,1000,13.8,0,42,19.6,1.2
atomic_flag,1000,13.4,0,42,19.5,1.2
atomic_flag,1000,12.9,0,42,19.3,1.2
atomic_flag,1000,13.8,0,42,19.6,1.2
atomic_flag,1000,13.7,0,83,19.7,1.2
atomic_flag,1000,14.1,0,84,20.2,1.3
atomic_flag,1000,13.7,0,42,19.6,1.2
atomic_flag,1000,14.0,0,84,19.9,1.2
atomic_flag,1000,13.6,0,42,19.6,1.2
atomic_flag,1000,13.5,0,42,19.5,1.2
atomic_flag,1000,13.6,0,83,19.6,1.2
atomic_flag,1000,13.7,0,83,19.7,1.2
atomic_flag,1000,13.3,0,42,19.4,1.2
atomic_flag,1000,13.6,0,83,19.6,1.2
atomic_flag,1000,14.1,0,84,20.3,1.3
atomic_flag,1000,13.6,0,83,19.6,1.2
atomic_flag,1000,14.0,0,42,19.7,1.2
atomic_flag,1000,13.4,0,42,19.5,1.2
atomic_flag,1000,34.4,0,20667,653.4,40.5
atomic_flag,1000,13.5,0,42,19.5,1.2
atomic_flag,1000,13.7,0,42,19.6,1.2
atomic_flag,1000,14.0,0,42,19.7,1.2
atomic_flag,1000,13.7,0,83,19.8,1.2
atomic_flag,1000,13.6,0,42,19.5,1.2
atomic_flag,1000,13.6,0,42,19.6,1.2
atomic_flag,1000,13.8,0,42,19.6,1.2
atomic_flag,1000,13.6,0,42,19.5,1.2
atomic_flag,1000,13.5,0,42,19.5,1.2
atomic_flag,1000,24.6,0,8959,283.6,17.6
atomic_flag,1000,13.6,0,42,19.6,1.2
atomic_flag,1000,13.7,0,42,19.6,1.2
atomic_flag,1000,13.6,0,42,19.5,1.2
atomic_flag,1000,13.6,0,42,19.6,1.2
atomic_flag,1000,13.8,0,84,19.7,1.2
atomic_flag,1000,13.2,0,42,19.4,1.2
atomic_flag,1000,13.7,0,84,19.7,1.2
atomic_flag,1000,14.0,0,83,19.9,1.2
atomic_flag,1000,13.5,0,42,19.5,1.2
atomic_flag,1000,13.6,0,84,19.6,1.2
atomic_flag,1000,13.9,0,42,19.7,1.2
atomic_flag,1000,13.8,0,83,19.7,1.2
atomic_flag,1000,13.5,0,83,19.7,1.2
atomic_flag,1000,13.6,0,42,19.6,1.2
atomic_flag,1000,13.4,0,42,19.5,1.2
atomic_flag,1000,13.7,0,84,19.7,1.2
atomic_flag,1000,13.6,0,42,19.5,1.2
atomic_flag,1000,13.5,0,83,19.6,1.2
atomic_flag,1000,13.7,0,42,19.6,1.2
atomic_flag,1000,13.7,0,42,19.6,1.2
atomic_flag,1000,13.8,0,83,19.7,1.2
atomic_flag,1000,13.6,0,42,19.5,1.2
atomic_flag,1000,13.6,0,83,19.6,1.2
atomic_flag,1000,13.6,0,42,19.6,1.2
atomic_flag,1000,13.8,0,42,19.6,1.2
atomic_flag,1000,13.3,0,42,19.4,1.2
atomic_flag,1000,13.7,0,42,19.6,1.2
atomic_flag,1000,13.5,0,42,19.5,1.2
atomic_flag,1000,13.4,0,42,19.5,1.2
atomic_flag,1000,13.4,0,42,19.5,1.2
atomic_flag,1000,13.5,0,42,19.5,1.2
atomic_flag,1000,13.8,0,42,19.6,1.2
atomic_flag,1000,13.5,0,42,19.5,1.2
atomic_flag,1000,24.3,0,11292,357.2,22.1
atomic_flag,1000,13.6,0,42,19.6,1.2
atomic_flag,1000,13.5,0,42,19.5,1.2
atomic_flag,1000,13.5,0,42,19.5,1.2
atomic_flag,1000,13.6,0,83,19.7,1.2
atomic_flag,1000,13.8,0,42,19.6,1.2
atomic_flag,1000,13.7,0,42,19.6,1.2
atomic_flag,1000,13.7,0,42,19.6,1.2
atomic_flag,1000,13.5,0,42,19.5,1.2
atomic_flag,1000,14.0,0,42,19.7,1.2
atomic_flag,1000,13.5,0,42,19.5,1.2
atomic_flag,1000,13.5,0,42,19.5,1.2
atomic_flag,1000,13.4,0,42,19.5,1.2
atomic_flag,1000,13.6,0,42,19.5,1.2
atomic_flag,1000,13.8,0,42,19.6,1.2
atomic_flag,1000,14.1,0,84,19.9,1.2
atomic_flag,1000,13.6,0,42,19.6,1.2
atomic_flag,1000,13.6,0,84,19.6,1.2
atomic_flag,1000,13.6,0,42,19.5,1.2
atomic_flag,1000,13.5,0,42,19.5,1.2
atomic_flag,1000,13.6,0,83,19.6,1.2
atomic_flag,1000,13.5,0,42,19.5,1.2
atomic_flag,1000,13.8,0,83,19.7,1.2
atomic_flag,1000,13.5,0,42,19.5,1.2
atomic_flag,1000,13.5,0,42,19.5,1.2
atomic_flag,1000,13.8,0,84,19.7,1.2
atomic_flag,1000,14.0,0,84,20.0,1.2
atomic_flag,1000,13.7,0,42,19.6,1.2
atomic_flag,1000,13.4,0,42,19.5,1.2
atomic_flag,1000,13.3,0,83,19.5,1.2
os_unfair_lock,1000,15.8,0,83,20.3,1.3
os_unfair_lock,1000,16.2,0,125,21.2,1.3
os_unfair_lock,1000,15.9,0,42,20.3,1.3
os_unfair_lock,1000,16.2,0,83,20.5,1.3
os_unfair_lock,1000,16.1,0,84,20.6,1.3
os_unfair_lock,1000,15.9,0,42,20.3,1.3
os_unfair_lock,1000,16.0,0,42,20.3,1.3
os_unfair_lock,1000,16.0,0,42,20.3,1.3
os_unfair_lock,1000,15.8,0,42,20.2,1.3
os_unfair_lock,1000,16.0,0,42,20.3,1.3
os_unfair_lock,1000,16.0,0,83,20.4,1.3
os_unfair_lock,1000,15.8,0,42,20.2,1.3
os_unfair_lock,1000,17.1,0,333,22.9,1.4
os_unfair_lock,1000,16.1,0,83,20.4,1.3
os_unfair_lock,1000,15.9,0,42,20.3,1.3
os_unfair_lock,1000,15.9,0,42,20.2,1.3
os_unfair_lock,1000,15.9,0,42,20.3,1.3
os_unfair_lock,1000,15.8,0,42,20.2,1.3
os_unfair_lock,1000,15.8,0,42,20.2,1.3
os_unfair_lock,1000,15.7,0,42,20.2,1.3
os_unfair_lock,1000,15.8,0,83,20.3,1.3
os_unfair_lock,1000,15.8,0,42,20.2,1.3
os_unfair_lock,1000,16.4,0,209,21.5,1.3
os_unfair_lock,1000,15.9,0,83,20.3,1.3
os_unfair_lock,1000,16.0,0,42,20.3,1.3
os_unfair_lock,1000,16.0,0,83,20.4,1.3
os_unfair_lock,1000,15.7,0,42,20.2,1.3
os_unfair_lock,1000,15.7,0,42,20.2,1.3
os_unfair_lock,1000,15.8,0,42,20.2,1.3
os_unfair_lock,1000,16.1,0,83,20.4,1.3
os_unfair_lock,1000,16.0,0,83,20.4,1.3
os_unfair_lock,1000,16.0,0,42,20.3,1.3
os_unfair_lock,1000,16.2,0,84,20.6,1.3
os_unfair_lock,1000,16.0,0,42,20.3,1.3
os_unfair_lock,1000,16.0,0,83,20.4,1.3
os_unfair_lock,1000,15.8,0,42,20.2,1.3
os_unfair_lock,1000,15.9,0,83,20.3,1.3
os_unfair_lock,1000,15.8,0,42,20.2,1.3
os_unfair_lock,1000,16.0,0,84,20.6,1.3
os_unfair_lock,1000,16.1,0,83,20.5,1.3
os_unfair_lock,1000,16.0,0,83,20.4,1.3
os_unfair_lock,1000,15.8,0,83,20.3,1.3
os_unfair_lock,1000,15.9,0,42,20.2,1.3
os_unfair_lock,1000,16.0,0,83,20.5,1.3
os_unfair_lock,1000,15.8,0,42,20.2,1.3
os_unfair_lock,1000,16.0,0,83,20.4,1.3
os_unfair_lock,1000,21.6,0,5666,179.8,11.1
os_unfair_lock,1000,15.9,0,83,20.3,1.3
os_unfair_lock,1000,16.0,0,42,20.3,1.3
os_unfair_lock,1000,16.0,0,83,20.4,1.3
os_unfair_lock,1000,15.8,0,42,20.2,1.3
os_unfair_lock,1000,15.7,0,42,20.2,1.3
os_unfair_lock,1000,15.8,0,42,20.2,1.3
os_unfair_lock,1000,15.8,0,42,20.2,1.3
os_unfair_lock,1000,15.8,0,42,20.2,1.3
os_unfair_lock,1000,16.0,0,42,20.3,1.3
os_unfair_lock,1000,15.9,0,42,20.3,1.3
os_unfair_lock,1000,16.0,0,42,20.3,1.3
os_unfair_lock,1000,16.0,0,42,20.3,1.3
os_unfair_lock,1000,15.9,0,83,20.3,1.3
os_unfair_lock,1000,16.0,0,84,20.4,1.3
os_unfair_lock,1000,16.3,0,83,20.4,1.3
os_unfair_lock,1000,15.8,0,83,20.3,1.3
os_unfair_lock,1000,16.1,0,83,20.5,1.3
os_unfair_lock,1000,21.7,0,5667,179.9,11.1
os_unfair_lock,1000,15.9,0,83,20.3,1.3
os_unfair_lock,1000,16.1,0,125,20.6,1.3
os_unfair_lock,1000,15.9,0,42,20.2,1.3
os_unfair_lock,1000,28.3,0,10833,343.3,21.3
os_unfair_lock,1000,15.9,0,83,20.3,1.3
os_unfair_lock,1000,23.3,0,7375,233.6,14.5
os_unfair_lock,1000,15.9,0,42,20.3,1.3
os_unfair_lock,1000,16.0,0,84,20.4,1.3
os_unfair_lock,1000,16.0,0,42,20.3,1.3
os_unfair_lock,1000,15.8,0,83,20.3,1.3
os_unfair_lock,1000,15.8,0,42,20.2,1.3
os_unfair_lock,1000,16.3,0,84,20.7,1.3
os_unfair_lock,1000,15.8,0,83,20.3,1.3
os_unfair_lock,1000,16.0,0,83,20.4,1.3
os_unfair_lock,1000,16.0,0,84,20.4,1.3
os_unfair_lock,1000,15.9,0,42,20.2,1.3
os_unfair_lock,1000,15.8,0,84,20.4,1.3
os_unfair_lock,1000,15.8,0,83,20.3,1.3
os_unfair_lock,1000,16.1,0,84,20.4,1.3
os_unfair_lock,1000,16.0,0,83,20.4,1.3
os_unfair_lock,1000,16.1,0,84,20.5,1.3
os_unfair_lock,1000,15.8,0,42,20.2,1.3
os_unfair_lock,1000,16.0,0,83,20.4,1.3
os_unfair_lock,1000,15.7,0,42,20.2,1.3
os_unfair_lock,1000,15.9,0,84,20.4,1.3
os_unfair_lock,1000,15.9,0,84,20.3,1.3
os_unfair_lock,1000,15.9,0,83,20.3,1.3
os_unfair_lock,1000,16.0,0,84,20.4,1.3
os_unfair_lock,1000,15.7,0,84,20.3,1.3
os_unfair_lock,1000,15.9,0,84,20.5,1.3
os_unfair_lock,1000,15.9,0,42,20.2,1.3
os_unfair_lock,1000,16.0,0,42,20.3,1.3
os_unfair_lock,1000,15.8,0,83,20.3,1.3
os_unfair_lock,1000,15.9,0,42,20.2,1.3
os_unfair_lock,1000,15.8,0,42,20.2,1.3
atomic_flag,10000,13.7,0,167,20.0,0.4
atomic_flag,10000,13.7,0,167,19.8,0.4
atomic_flag,10000,13.5,0,84,19.5,0.4
atomic_flag,10000,13.8,0,125,19.8,0.4
atomic_flag,10000,13.6,0,125,19.7,0.4
atomic_flag,10000,13.7,0,83,19.6,0.4
atomic_flag,10000,13.7,0,84,19.7,0.4
atomic_flag,10000,13.6,0,42,19.5,0.4
atomic_flag,10000,13.4,0,84,19.5,0.4
atomic_flag,10000,13.5,0,84,19.5,0.4
atomic_flag,10000,13.6,0,125,19.6,0.4
atomic_flag,10000,13.7,0,42,19.6,0.4
atomic_flag,10000,13.6,0,42,19.5,0.4
atomic_flag,10000,13.7,0,83,19.6,0.4
atomic_flag,10000,13.4,0,84,19.5,0.4
atomic_flag,10000,13.6,0,84,19.6,0.4
atomic_flag,10000,13.6,0,84,19.6,0.4
atomic_flag,10000,13.7,0,84,19.6,0.4
atomic_flag,10000,15.2,0,1625,26.3,0.5
atomic_flag,10000,13.6,0,84,19.5,0.4
atomic_flag,10000,14.7,0,9083,92.8,1.8
atomic_flag,10000,13.6,0,84,19.6,0.4
atomic_flag,10000,16.6,0,19959,201.0,3.9
atomic_flag,10000,13.5,0,83,19.5,0.4
atomic_flag,10000,13.7,0,84,19.7,0.4
atomic_flag,10000,13.7,0,84,19.7,0.4
atomic_flag,10000,13.9,0,333,20.1,0.4
atomic_flag,10000,13.6,0,83,19.6,0.4
atomic_flag,10000,16.0,0,11875,164.6,3.2
atomic_flag,10000,13.6,0,83,19.6,0.4
atomic_flag,10000,13.6,0,84,19.6,0.4
atomic_flag,10000,13.6,0,84,19.6,0.4
atomic_flag,10000,13.5,0,166,19.6,0.4
atomic_flag,10000,13.8,0,84,19.8,0.4
atomic_flag,10000,13.6,0,83,19.5,0.4
atomic_flag,10000,13.5,0,84,19.5,0.4
atomic_flag,10000,14.9,0,12167,123.1,2.4
atomic_flag,10000,13.6,0,125,19.7,0.4
atomic_flag,10000,13.7,0,125,19.6,0.4
atomic_flag,10000,13.6,0,83,19.6,0.4
atomic_flag,10000,15.3,0,8375,113.4,2.2
atomic_flag,10000,13.7,0,84,19.6,0.4
atomic_flag,10000,13.5,0,84,19.6,0.4
atomic_flag,10000,13.7,0,167,19.7,0.4
atomic_flag,10000,13.6,0,84,19.5,0.4
atomic_flag,10000,13.6,0,83,19.6,0.4
atomic_flag,10000,14.2,0,5708,60.2,1.2
atomic_flag,10000,13.3,0,42,19.4,0.4
atomic_flag,10000,13.6,0,83,19.6,0.4
atomic_flag,10000,13.7,0,84,19.6,0.4
atomic_flag,10000,13.4,0,83,19.5,0.4
atomic_flag,10000,13.7,0,84,19.6,0.4
atomic_flag,10000,13.7,0,1542,24.8,0.5
atomic_flag,10000,13.6,0,42,19.5,0.4
atomic_flag,10000,13.8,0,250,19.9,0.4
atomic_flag,10000,13.3,0,84,19.5,0.4
atomic_flag,10000,13.6,0,125,19.6,0.4
atomic_flag,10000,13.6,0,83,19.6,0.4
atomic_flag,10000,14.9,0,7500,91.6,1.8
atomic_flag,10000,16.2,0,13750,172.9,3.4
atomic_flag,10000,13.6,0,84,19.5,0.4
atomic_flag,10000,13.7,0,84,19.6,0.4
atomic_flag,10000,17.5,0,18833,229.0,4.5
atomic_flag,10000,13.5,0,83,19.5,0.4
atomic_flag,10000,16.4,0,18125,201.3,3.9
atomic_flag,10000,13.5,0,84,19.5,0.4
atomic_flag,10000,13.7,0,42,19.6,0.4
atomic_flag,10000,13.6,0,84,19.6,0.4
atomic_flag,10000,13.7,0,125,19.6,0.4
atomic_flag,10000,14.5,0,8333,85.5,1.7
atomic_flag,10000,13.5,0,84,19.5,0.4
atomic_flag,10000,13.6,0,84,19.6,0.4
atomic_flag,10000,13.7,0,83,19.6,0.4
atomic_flag,10000,13.5,0,84,19.5,0.4
atomic_flag,10000,16.8,0,23375,234.5,4.6
atomic_flag,10000,13.6,0,83,19.6,0.4
atomic_flag,10000,13.7,0,84,19.6,0.4
atomic_flag,10000,13.6,0,84,19.6,0.4
atomic_flag,10000,14.9,0,11291,114.5,2.2
atomic_flag,10000,13.7,0,84,19.6,0.4
atomic_flag,10000,13.6,0,84,19.6,0.4
atomic_flag,10000,13.6,0,84,19.5,0.4
atomic_flag,10000,14.8,0,10584,107.6,2.1
atomic_flag,10000,14.4,0,7959,81.8,1.6
atomic_flag,10000,15.9,0,16375,172.8,3.4
atomic_flag,10000,13.5,0,42,19.5,0.4
atomic_flag,10000,13.6,0,83,19.6,0.4
atomic_flag,10000,13.7,0,84,19.7,0.4
atomic_flag,10000,14.9,0,12542,126.8,2.5
atomic_flag,10000,13.6,0,42,19.6,0.4
atomic_flag,10000,13.5,0,84,19.5,0.4
atomic_flag,10000,13.7,0,125,19.6,0.4
atomic_flag,10000,13.9,0,417,20.3,0.4
atomic_flag,10000,14.1,0,6375,66.5,1.3
atomic_flag,10000,13.7,0,333,20.3,0.4
atomic_flag,10000,13.6,0,42,19.5,0.4
atomic_flag,10000,16.3,0,14708,180.9,3.5
atomic_flag,10000,13.7,0,84,19.6,0.4
atomic_flag,10000,13.6,0,83,19.6,0.4
atomic_flag,10000,13.5,0,84,19.5,0.4
os_unfair_lock,10000,15.9,0,84,20.2,0.4
os_unfair_lock,10000,15.9,0,83,20.2,0.4
os_unfair_lock,10000,15.9,0,84,20.2,0.4
os_unfair_lock,10000,16.0,0,84,20.4,0.4
os_unfair_lock,10000,20.8,0,24042,339.5,6.7
os_unfair_lock,10000,16.0,0,84,20.4,0.4
os_unfair_lock,10000,15.9,0,125,20.3,0.4
os_unfair_lock,10000,15.8,0,125,20.3,0.4
os_unfair_lock,10000,16.0,0,125,20.4,0.4
os_unfair_lock,10000,17.8,0,19041,191.3,3.8
os_unfair_lock,10000,15.8,0,83,20.2,0.4
os_unfair_lock,10000,15.8,0,84,20.2,0.4
os_unfair_lock,10000,15.8,0,84,20.2,0.4
os_unfair_lock,10000,15.9,0,125,20.3,0.4
os_unfair_lock,10000,16.8,0,8625,88.4,1.7
os_unfair_lock,10000,15.8,0,84,20.2,0.4
os_unfair_lock,10000,18.1,0,11583,150.1,2.9
os_unfair_lock,10000,15.9,0,42,20.2,0.4
os_unfair_lock,10000,18.9,0,9250,159.1,3.1
os_unfair_lock,10000,15.9,0,42,20.2,0.4
os_unfair_lock,10000,15.9,0,83,20.3,0.4
os_unfair_lock,10000,16.0,0,84,20.3,0.4
os_unfair_lock,10000,15.9,0,42,20.2,0.4
os_unfair_lock,10000,15.9,0,84,20.3,0.4
os_unfair_lock,10000,15.9,0,84,20.3,0.4
os_unfair_lock,10000,15.8,0,84,20.3,0.4
os_unfair_lock,10000,16.1,0,1709,26.5,0.5
os_unfair_lock,10000,15.9,0,83,20.3,0.4
os_unfair_lock,10000,18.9,0,29917,299.7,5.9
os_unfair_lock,10000,15.9,0,84,20.3,0.4
os_unfair_lock,10000,15.8,0,84,20.2,0.4
os_unfair_lock,10000,17.1,0,11750,119.1,2.3
os_unfair_lock,10000,15.9,0,250,20.4,0.4
os_unfair_lock,10000,15.9,0,83,20.3,0.4
os_unfair_lock,10000,15.8,0,83,20.2,0.4
os_unfair_lock,10000,15.8,0,84,20.3,0.4
os_unfair_lock,10000,16.0,0,84,20.4,0.4
os_unfair_lock,10000,15.9,0,42,20.2,0.4
os_unfair_lock,10000,20.0,0,20750,245.9,4.8
os_unfair_lock,10000,15.8,0,83,20.2,0.4
os_unfair_lock,10000,15.8,0,83,20.2,0.4
os_unfair_lock,10000,15.9,0,83,20.3,0.4
os_unfair_lock,10000,15.9,0,84,20.3,0.4
os_unfair_lock,10000,15.9,0,84,20.2,0.4
os_unfair_lock,10000,15.9,0,84,20.3,0.4
os_unfair_lock,10000,15.9,0,83,20.3,0.4
os_unfair_lock,10000,15.9,0,84,20.3,0.4
os_unfair_lock,10000,15.8,0,42,20.2,0.4
os_unfair_lock,10000,17.6,0,14750,148.8,2.9
os_unfair_lock,10000,15.9,0,83,20.2,0.4
os_unfair_lock,10000,15.9,0,84,20.3,0.4
os_unfair_lock,10000,16.7,0,8042,82.8,1.6
os_unfair_lock,10000,15.9,0,125,20.3,0.4
os_unfair_lock,10000,17.5,0,10167,116.2,2.3
os_unfair_lock,10000,15.8,0,84,20.3,0.4
os_unfair_lock,10000,15.9,0,83,20.3,0.4
os_unfair_lock,10000,16.0,0,84,20.3,0.4
os_unfair_lock,10000,15.9,0,84,20.3,0.4
os_unfair_lock,10000,20.6,0,25458,325.7,6.4
os_unfair_lock,10000,15.9,0,84,20.3,0.4
os_unfair_lock,10000,16.6,0,6458,67.6,1.3
os_unfair_lock,10000,17.0,0,10708,108.8,2.1
os_unfair_lock,10000,15.8,0,84,20.3,0.4
os_unfair_lock,10000,15.9,0,83,20.2,0.4
os_unfair_lock,10000,15.9,0,125,20.3,0.4
os_unfair_lock,10000,15.9,0,84,20.3,0.4
os_unfair_lock,10000,17.1,0,9708,99.3,1.9
os_unfair_lock,10000,15.9,0,84,20.3,0.4
os_unfair_lock,10000,20.4,0,39166,396.4,7.8
os_unfair_lock,10000,15.8,0,42,20.2,0.4
os_unfair_lock,10000,15.8,0,42,20.2,0.4
os_unfair_lock,10000,15.9,0,84,20.3,0.4
os_unfair_lock,10000,15.9,0,84,20.3,0.4
os_unfair_lock,10000,15.9,0,83,20.3,0.4
os_unfair_lock,10000,15.8,0,83,20.2,0.4
os_unfair_lock,10000,15.9,0,84,20.3,0.4
os_unfair_lock,10000,17.0,0,9917,101.3,2.0
os_unfair_lock,10000,15.9,0,84,20.3,0.4
os_unfair_lock,10000,15.9,0,84,20.2,0.4
os_unfair_lock,10000,15.9,0,83,20.3,0.4
os_unfair_lock,10000,15.9,0,84,20.3,0.4
os_unfair_lock,10000,17.4,0,9500,111.6,2.2
os_unfair_lock,10000,15.9,0,84,20.3,0.4
os_unfair_lock,10000,17.7,0,17541,176.4,3.5
os_unfair_lock,10000,15.9,0,83,20.2,0.4
os_unfair_lock,10000,15.9,0,84,20.2,0.4
os_unfair_lock,10000,16.0,0,84,20.3,0.4
os_unfair_lock,10000,15.8,0,42,20.2,0.4
os_unfair_lock,10000,24.8,0,17417,321.3,6.3
os_unfair_lock,10000,15.9,0,84,20.3,0.4
os_unfair_lock,10000,17.2,0,13000,131.4,2.6
os_unfair_lock,10000,17.5,0,8875,108.1,2.1
os_unfair_lock,10000,15.8,0,83,20.2,0.4
os_unfair_lock,10000,17.0,0,11250,114.2,2.2
os_unfair_lock,10000,15.8,0,83,20.2,0.4
os_unfair_lock,10000,15.9,0,84,20.3,0.4
os_unfair_lock,10000,17.0,0,10958,111.3,2.2
os_unfair_lock,10000,15.8,0,42,20.2,0.4
os_unfair_lock,10000,15.9,0,250,20.5,0.4
os_unfair_lock,10000,15.8,0,84,20.2,0.4
atomic_flag,100000,13.8,0,5500,26.8,0.2
atomic_flag,100000,14.0,0,35458,113.8,0.7
atomic_flag,100000,14.0,0,30166,99.6,0.6
atomic_flag,100000,14.0,0,15291,71.4,0.4
atomic_flag,100000,13.7,0,2541,21.2,0.1
atomic_flag,100000,13.8,0,8584,36.0,0.2
atomic_flag,100000,13.9,0,12583,54.7,0.3
atomic_flag,100000,13.8,0,15791,57.2,0.4
atomic_flag,100000,13.7,0,7958,31.9,0.2
atomic_flag,100000,13.7,0,6083,27.4,0.2
atomic_flag,100000,14.5,0,33750,146.1,0.9
atomic_flag,100000,13.7,0,1958,20.8,0.1
atomic_flag,100000,15.1,0,38750,158.9,1.0
atomic_flag,100000,13.8,0,12708,45.7,0.3
atomic_flag,100000,13.9,0,9833,43.0,0.3
atomic_flag,100000,13.7,0,166,19.6,0.1
atomic_flag,100000,13.9,0,9708,44.0,0.3
atomic_flag,100000,13.7,0,5292,25.7,0.2
atomic_flag,100000,14.0,0,23417,76.6,0.5
atomic_flag,100000,14.4,0,47334,172.2,1.1
atomic_flag,100000,13.6,0,125,19.6,0.1
atomic_flag,100000,13.6,0,6583,28.9,0.2
atomic_flag,100000,14.1,0,26375,91.5,0.6
atomic_flag,100000,13.9,0,13500,58.1,0.4
atomic_flag,100000,14.2,0,11000,69.6,0.4
atomic_flag,100000,14.8,0,21750,141.2,0.9
atomic_flag,100000,13.8,0,9500,43.5,0.3
atomic_flag,100000,14.0,0,20208,75.1,0.5
atomic_flag,100000,13.7,0,4292,24.7,0.2
atomic_flag,100000,14.5,0,12584,89.9,0.6
atomic_flag,100000,13.6,0,125,19.6,0.1
atomic_flag,100000,13.7,0,9375,36.0,0.2
atomic_flag,100000,13.6,0,417,19.6,0.1
atomic_flag,100000,13.7,0,6958,29.4,0.2
atomic_flag,100000,13.6,0,84,19.6,0.1
atomic_flag,100000,13.8,0,8750,39.8,0.2
atomic_flag,100000,13.9,0,17834,66.3,0.4
atomic_flag,100000,13.8,0,9208,35.1,0.2
atomic_flag,100000,14.0,0,10333,63.1,0.4
atomic_flag,100000,13.7,0,2792,22.0,0.1
atomic_flag,100000,14.2,0,12791,69.8,0.4
atomic_flag,100000,13.6,0,167,19.6,0.1
atomic_flag,100000,13.8,0,7333,36.1,0.2
atomic_flag,100000,13.7,0,4750,24.7,0.2
atomic_flag,100000,13.6,0,167,19.6,0.1
atomic_flag,100000,13.7,0,5209,25.6,0.2
atomic_flag,100000,14.1,0,35417,119.9,0.7
atomic_flag,100000,14.1,0,28292,106.3,0.7
atomic_flag,100000,13.6,0,166,19.6,0.1
atomic_flag,100000,14.2,0,16500,79.2,0.5
atomic_flag,100000,13.7,0,167,19.7,0.1
atomic_flag,100000,14.2,0,15583,78.0,0.5
atomic_flag,100000,13.8,0,10792,39.7,0.2
atomic_flag,100000,13.9,0,18208,70.0,0.4
atomic_flag,100000,13.8,0,10000,38.1,0.2
atomic_flag,100000,14.3,0,20709,100.2,0.6
atomic_flag,100000,13.9,0,9750,55.4,0.3
atomic_flag,100000,13.8,0,10084,44.1,0.3
atomic_flag,100000,13.7,0,6458,28.3,0.2
atomic_flag,100000,13.9,0,7292,43.1,0.3
atomic_flag,100000,13.8,0,9791,36.7,0.2
atomic_flag,100000,13.7,0,2416,21.1,0.1
atomic_flag,100000,14.0,0,10750,50.5,0.3
atomic_flag,100000,13.7,0,125,19.6,0.1
atomic_flag,100000,13.7,0,417,19.7,0.1
atomic_flag,100000,13.6,0,1709,20.3,0.1
atomic_flag,100000,14.1,0,22333,88.6,0.5
atomic_flag,100000,13.8,0,5916,27.1,0.2
atomic_flag,100000,13.6,0,125,19.6,0.1
atomic_flag,100000,13.7,0,9917,36.9,0.2
atomic_flag,100000,13.8,0,9375,36.0,0.2
atomic_flag,100000,13.6,0,5667,26.5,0.2
atomic_flag,100000,14.1,0,16000,66.9,0.4
atomic_flag,100000,14.4,0,20750,111.6,0.7
atomic_flag,100000,13.7,0,167,19.7,0.1
atomic_flag,100000,13.8,0,8625,37.5,0.2
atomic_flag,100000,13.7,0,2334,21.0,0.1
atomic_flag,100000,15.9,0,31541,188.2,1.2
atomic_flag,100000,14.7,0,21542,103.2,0.6
atomic_flag,100000,14.1,0,15166,78.4,0.5
atomic_flag,100000,14.1,0,13500,55.9,0.3
atomic_flag,100000,13.7,0,292,19.6,0.1
atomic_flag,100000,13.8,0,9292,41.2,0.3
atomic_flag,100000,13.6,0,416,19.6,0.1
atomic_flag,100000,13.8,0,9375,38.9,0.2
atomic_flag,100000,15.3,0,25708,140.2,0.9
atomic_flag,100000,14.2,0,17458,79.7,0.5
atomic_flag,100000,13.8,0,7958,39.5,0.2
atomic_flag,100000,14.0,0,17666,74.7,0.5
atomic_flag,100000,13.9,0,10792,45.2,0.3
atomic_flag,100000,14.6,0,31334,127.7,0.8
atomic_flag,100000,13.9,0,13916,56.4,0.3
atomic_flag,100000,14.8,0,39500,155.6,1.0
atomic_flag,100000,13.6,0,1666,20.2,0.1
atomic_flag,100000,13.9,0,9500,51.4,0.3
atomic_flag,100000,13.7,0,8375,32.9,0.2
atomic_flag,100000,13.7,0,167,19.6,0.1
atomic_flag,100000,13.6,0,125,19.6,0.1
atomic_flag,100000,14.0,0,19750,70.2,0.4
atomic_flag,100000,14.1,0,23625,92.6,0.6
os_unfair_lock,100000,15.9,0,1917,21.9,0.1
os_unfair_lock,100000,16.4,0,20958,84.8,0.5
os_unfair_lock,100000,15.9,0,208,20.3,0.1
os_unfair_lock,100000,16.0,0,14500,50.1,0.3
os_unfair_lock,100000,16.0,0,11750,42.3,0.3
os_unfair_lock,100000,17.4,0,75750,275.4,1.7
os_unfair_lock,100000,16.0,0,13292,46.7,0.3
os_unfair_lock,100000,15.9,0,1667,20.9,0.1
os_unfair_lock,100000,16.0,0,6667,29.2,0.2
os_unfair_lock,100000,16.0,0,8500,42.7,0.3
os_unfair_lock,100000,16.2,0,26250,85.6,0.5
os_unfair_lock,100000,16.2,0,22458,75.9,0.5
os_unfair_lock,100000,16.0,0,10625,39.2,0.2
os_unfair_lock,100000,15.8,0,250,20.3,0.1
os_unfair_lock,100000,16.1,0,6542,37.4,0.2
os_unfair_lock,100000,16.0,0,7833,32.0,0.2
os_unfair_lock,100000,16.0,0,10000,37.5,0.2
os_unfair_lock,100000,16.0,0,6834,31.2,0.2
os_unfair_lock,100000,16.6,0,34208,127.8,0.8
os_unfair_lock,100000,15.9,0,1667,21.0,0.1
os_unfair_lock,100000,16.7,0,22125,112.4,0.7
os_unfair_lock,100000,16.0,0,7209,30.5,0.2
os_unfair_lock,100000,17.3,0,42542,196.4,1.2
os_unfair_lock,100000,16.2,0,13375,54.6,0.3
os_unfair_lock,100000,16.1,0,11583,48.7,0.3
os_unfair_lock,100000,16.2,0,22625,74.5,0.5
os_unfair_lock,100000,15.9,0,4958,25.6,0.2
os_unfair_lock,100000,16.2,0,25459,86.8,0.5
os_unfair_lock,100000,16.0,0,6958,31.3,0.2
os_unfair_lock,100000,15.9,0,4458,24.7,0.2
os_unfair_lock,100000,16.0,0,2208,22.2,0.1
os_unfair_lock,100000,15.9,0,625,20.4,0.1
os_unfair_lock,100000,16.2,0,9416,54.1,0.3
os_unfair_lock,100000,15.9,0,1541,20.9,0.1
os_unfair_lock,100000,16.4,0,21958,88.4,0.5
os_unfair_lock,100000,16.4,0,14583,82.3,0.5
os_unfair_lock,100000,16.0,0,6875,29.7,0.2
os_unfair_lock,100000,16.6,0,15291,86.8,0.5
os_unfair_lock,100000,16.2,0,11791,51.3,0.3
os_unfair_lock,100000,16.5,0,26917,113.9,0.7
os_unfair_lock,100000,16.0,0,6625,29.2,0.2
os_unfair_lock,100000,16.4,0,22542,82.0,0.5
os_unfair_lock,100000,16.2,0,13500,60.3,0.4
os_unfair_lock,100000,16.8,0,44542,162.8,1.0
os_unfair_lock,100000,16.0,0,6792,29.6,0.2
os_unfair_lock,100000,16.3,0,19208,73.0,0.5
os_unfair_lock,100000,16.1,0,7291,37.0,0.2
os_unfair_lock,100000,16.4,0,44417,142.1,0.9
os_unfair_lock,100000,16.1,0,8292,39.8,0.2
os_unfair_lock,100000,15.9,0,250,20.3,0.1
os_unfair_lock,100000,15.9,0,334,20.3,0.1
os_unfair_lock,100000,16.0,0,7542,31.3,0.2
os_unfair_lock,100000,16.0,0,11041,40.3,0.3
os_unfair_lock,100000,16.3,0,29750,100.5,0.6
os_unfair_lock,100000,15.9,0,208,20.3,0.1
os_unfair_lock,100000,16.0,0,6041,29.3,0.2
os_unfair_lock,100000,16.0,0,14875,51.2,0.3
os_unfair_lock,100000,16.0,0,6917,29.9,0.2
os_unfair_lock,100000,16.2,0,10834,53.9,0.3
os_unfair_lock,100000,16.3,0,25292,94.1,0.6
os_unfair_lock,100000,21.1,0,95625,493.0,3.1
os_unfair_lock,100000,62.2,0,4279250,13532.7,83.9
os_unfair_lock,100000,22.5,0,109125,552.4,3.4
os_unfair_lock,100000,18.3,0,9000,42.1,0.3
os_unfair_lock,100000,18.4,0,15125,64.7,0.4
os_unfair_lock,100000,18.1,0,9833,45.3,0.3
os_unfair_lock,100000,18.1,0,14167,52.9,0.3
os_unfair_lock,100000,18.9,0,21333,117.1,0.7
os_unfair_lock,100000,18.5,0,23750,81.6,0.5
os_unfair_lock,100000,18.2,0,2292,21.9,0.1
os_unfair_lock,100000,18.4,0,14500,67.3,0.4
os_unfair_lock,100000,19.0,0,46542,169.0,1.0
os_unfair_lock,100000,18.3,0,16250,69.6,0.4
os_unfair_lock,100000,17.9,0,23167,127.3,0.8
os_unfair_lock,100000,16.1,0,8750,43.6,0.3
os_unfair_lock,100000,16.9,0,22250,106.0,0.7
os_unfair_lock,100000,16.2,0,17375,71.6,0.4
os_unfair_lock,100000,16.4,0,21584,88.9,0.6
os_unfair_lock,100000,15.9,0,250,20.3,0.1
os_unfair_lock,100000,16.5,0,16625,79.9,0.5
os_unfair_lock,100000,16.0,0,9958,37.9,0.2
os_unfair_lock,100000,16.5,0,20959,90.6,0.6
os_unfair_lock,100000,16.0,0,8709,40.8,0.3
os_unfair_lock,100000,16.1,0,6667,40.4,0.3
os_unfair_lock,100000,16.2,0,14917,67.0,0.4
os_unfair_lock,100000,16.1,0,10834,45.4,0.3
os_unfair_lock,100000,15.9,0,334,20.3,0.1
os_unfair_lock,100000,16.0,0,8584,33.9,0.2
os_unfair_lock,100000,16.3,0,16084,68.6,0.4
os_unfair_lock,100000,15.9,0,208,20.3,0.1
os_unfair_lock,100000,18.0,0,57750,242.9,1.5
os_unfair_lock,100000,16.2,0,23583,79.4,0.5
os_unfair_lock,100000,16.8,0,9417,77.4,0.5
os_unfair_lock,100000,16.0,0,7500,31.3,0.2
os_unfair_lock,100000,16.4,0,22916,89.7,0.6
os_unfair_lock,100000,15.9,0,791,20.5,0.1
os_unfair_lock,100000,16.9,0,23833,125.7,0.8
os_unfair_lock,100000,16.7,0,10667,81.2,0.5
os_unfair_lock,100000,17.7,0,55916,224.0,1.4
os_unfair_lock,100000,16.7,0,17500,101.5,0.6
atomic_flag,1000000,13.9,0,32125,72.6,0.1
atomic_flag,1000000,13.8,0,42000,52.0,0.1
atomic_flag,1000000,13.7,0,17375,33.0,0.1
atomic_flag,1000000,13.8,0,21709,41.4,0.1
atomic_flag,1000000,13.9,0,33250,59.8,0.1
atomic_flag,1000000,13.8,0,21958,39.9,0.1
atomic_flag,1000000,28.7,0,11569791,11607.1,22.7
atomic_flag,1000000,20.7,0,852209,1247.7,2.4
atomic_flag,1000000,15.7,0,16541,47.0,0.1
atomic_flag,1000000,16.1,0,57625,124.5,0.2
atomic_flag,1000000,15.5,0,24291,45.9,0.1
atomic_flag,1000000,13.9,0,57584,81.7,0.2
atomic_flag,1000000,13.7,0,22958,37.1,0.1
atomic_flag,1000000,13.7,0,12542,32.3,0.1
atomic_flag,1000000,13.8,0,15041,43.7,0.1
atomic_flag,1000000,13.9,0,25958,49.8,0.1
atomic_flag,1000000,14.0,0,55041,101.2,0.2
atomic_flag,1000000,14.0,0,65959,90.9,0.2
atomic_flag,1000000,13.9,0,25250,60.8,0.1
atomic_flag,1000000,13.8,0,32250,52.0,0.1
atomic_flag,1000000,13.9,0,32875,67.2,0.1
atomic_flag,1000000,13.8,0,16750,37.8,0.1
atomic_flag,1000000,14.0,0,52708,101.5,0.2
atomic_flag,1000000,13.8,0,30625,53.7,0.1
atomic_flag,1000000,14.1,0,140000,170.4,0.3
atomic_flag,1000000,13.8,0,57333,68.0,0.1
atomic_flag,1000000,13.8,0,38375,59.2,0.1
atomic_flag,1000000,13.8,0,35833,48.3,0.1
atomic_flag,1000000,13.9,0,45541,64.0,0.1
atomic_flag,1000000,13.9,0,15500,51.2,0.1
atomic_flag,1000000,14.0,0,41500,68.2,0.1
atomic_flag,1000000,13.8,0,15667,46.0,0.1
atomic_flag,1000000,13.9,0,42542,58.3,0.1
atomic_flag,1000000,13.8,0,15417,32.3,0.1
atomic_flag,1000000,14.0,0,100833,112.9,0.2
atomic_flag,1000000,13.8,0,30125,43.5,0.1
atomic_flag,1000000,13.8,0,23917,39.6,0.1
atomic_flag,1000000,13.9,0,39583,57.7,0.1
atomic_flag,1000000,14.0,0,42375,80.5,0.2
atomic_flag,1000000,13.9,0,22709,50.4,0.1
atomic_flag,1000000,13.8,0,41000,50.9,0.1
atomic_flag,1000000,13.9,0,21166,38.7,0.1
atomic_flag,1000000,13.8,0,50333,59.0,0.1
atomic_flag,1000000,13.9,0,26042,55.4,0.1
atomic_flag,1000000,14.0,0,59083,78.4,0.2
atomic_flag,1000000,14.1,0,47292,93.7,0.2
atomic_flag,1000000,13.9,0,60500,73.3,0.1
atomic_flag,1000000,13.9,0,42708,73.4,0.1
atomic_flag,1000000,14.0,0,25000,56.2,0.1
atomic_flag,1000000,13.9,0,36458,58.3,0.1
atomic_flag,1000000,14.0,0,44125,75.4,0.1
atomic_flag,1000000,13.9,0,25292,45.6,0.1
atomic_flag,1000000,14.0,0,48541,78.0,0.2
atomic_flag,1000000,13.9,0,15458,48.9,0.1
atomic_flag,1000000,14.0,0,61458,81.3,0.2
atomic_flag,1000000,14.0,0,59459,81.5,0.2
atomic_flag,1000000,13.9,0,18500,48.6,0.1
atomic_flag,1000000,13.9,0,45291,67.8,0.1
atomic_flag,1000000,14.0,0,36250,70.4,0.1
atomic_flag,1000000,13.9,0,36291,60.9,0.1
atomic_flag,1000000,14.2,0,65917,104.4,0.2
atomic_flag,1000000,14.1,0,37500,67.3,0.1
atomic_flag,1000000,14.3,0,75750,121.9,0.2
atomic_flag,1000000,13.9,0,27375,54.3,0.1
atomic_flag,1000000,13.9,0,38958,65.0,0.1
atomic_flag,1000000,13.8,0,15625,40.1,0.1
atomic_flag,1000000,14.0,0,56583,80.8,0.2
atomic_flag,1000000,13.8,0,8500,31.2,0.1
atomic_flag,1000000,14.0,0,49833,80.2,0.2
atomic_flag,1000000,13.8,0,22375,40.4,0.1
atomic_flag,1000000,13.9,0,32041,54.3,0.1
atomic_flag,1000000,17.3,0,1579041,2090.8,4.1
atomic_flag,1000000,13.9,0,38958,69.0,0.1
atomic_flag,1000000,13.9,0,27083,58.1,0.1
atomic_flag,1000000,14.2,0,105542,141.0,0.3
atomic_flag,1000000,13.9,0,62375,75.5,0.1
atomic_flag,1000000,14.1,0,58042,103.9,0.2
atomic_flag,1000000,13.9,0,27875,49.7,0.1
atomic_flag,1000000,14.0,0,38042,68.5,0.1
atomic_flag,1000000,13.8,0,20875,38.7,0.1
atomic_flag,1000000,14.0,0,32625,63.3,0.1
atomic_flag,1000000,13.9,0,56833,75.5,0.1
atomic_flag,1000000,14.0,0,50834,73.6,0.1
atomic_flag,1000000,13.7,0,9958,31.7,0.1
atomic_flag,1000000,13.7,0,26291,42.8,0.1
atomic_flag,1000000,13.8,0,27792,47.3,0.1
atomic_flag,1000000,13.8,0,39709,58.2,0.1
atomic_flag,1000000,13.8,0,35416,64.3,0.1
atomic_flag,1000000,13.7,0,13458,32.9,0.1
atomic_flag,1000000,13.9,0,38417,63.1,0.1
atomic_flag,1000000,13.9,0,41417,69.1,0.1
atomic_flag,1000000,13.9,0,35125,65.2,0.1
atomic_flag,1000000,13.8,0,39209,63.3,0.1
atomic_flag,1000000,13.8,0,37459,48.6,0.1
atomic_flag,1000000,13.8,0,21125,55.1,0.1
atomic_flag,1000000,13.8,0,23250,44.3,0.1
atomic_flag,1000000,13.8,0,47208,67.1,0.1
atomic_flag,1000000,13.8,0,21375,39.5,0.1
atomic_flag,1000000,13.8,0,47833,54.7,0.1
atomic_flag,1000000,13.8,0,47084,65.8,0.1
os_unfair_lock,1000000,20.8,0,38125,71.1,0.1
os_unfair_lock,1000000,16.2,0,23875,62.9,0.1
os_unfair_lock,1000000,16.1,0,27125,58.9,0.1
os_unfair_lock,1000000,16.0,0,19417,44.9,0.1
os_unfair_lock,1000000,16.0,0,25833,49.6,0.1
os_unfair_lock,1000000,16.1,0,54041,71.0,0.1
os_unfair_lock,1000000,16.0,0,25166,40.0,0.1
os_unfair_lock,1000000,16.1,0,72209,83.4,0.2
os_unfair_lock,1000000,16.0,0,42791,53.3,0.1
os_unfair_lock,1000000,16.1,0,24542,55.1,0.1
os_unfair_lock,1000000,16.0,0,34042,55.0,0.1
os_unfair_lock,1000000,15.9,0,9417,27.9,0.1
os_unfair_lock,1000000,16.1,0,46000,68.3,0.1
os_unfair_lock,1000000,16.2,0,49250,76.1,0.1
os_unfair_lock,1000000,16.0,0,35375,45.7,0.1
os_unfair_lock,1000000,16.2,0,46333,99.4,0.2
os_unfair_lock,1000000,16.0,0,32167,51.4,0.1
os_unfair_lock,1000000,16.1,0,25000,55.8,0.1
os_unfair_lock,1000000,16.0,0,41875,54.0,0.1
os_unfair_lock,1000000,16.0,0,16250,38.4,0.1
os_unfair_lock,1000000,16.0,0,21416,49.8,0.1
os_unfair_lock,1000000,16.1,0,47291,76.1,0.1
os_unfair_lock,1000000,16.1,0,42916,68.0,0.1
os_unfair_lock,1000000,16.2,0,52292,92.0,0.2
os_unfair_lock,1000000,16.0,0,23917,40.9,0.1
os_unfair_lock,1000000,16.0,0,16750,39.8,0.1
os_unfair_lock,1000000,16.0,0,30708,48.1,0.1
os_unfair_lock,1000000,16.0,0,40417,57.7,0.1
os_unfair_lock,1000000,16.0,0,50875,65.2,0.1
os_unfair_lock,1000000,16.4,0,158292,170.4,0.3
os_unfair_lock,1000000,16.0,0,43958,55.6,0.1
os_unfair_lock,1000000,16.0,0,44958,60.7,0.1
os_unfair_lock,1000000,15.9,0,14375,30.9,0.1
os_unfair_lock,1000000,16.1,0,63833,80.3,0.2
os_unfair_lock,1000000,16.1,0,34000,51.0,0.1
os_unfair_lock,1000000,16.0,0,14167,33.2,0.1
os_unfair_lock,1000000,16.1,0,66208,86.1,0.2
os_unfair_lock,1000000,16.0,0,44875,55.6,0.1
os_unfair_lock,1000000,16.1,0,41709,63.4,0.1
os_unfair_lock,1000000,16.1,0,37667,65.2,0.1
os_unfair_lock,1000000,16.1,0,37709,69.5,0.1
os_unfair_lock,1000000,16.1,0,87375,95.7,0.2
os_unfair_lock,1000000,16.0,0,15875,38.8,0.1
os_unfair_lock,1000000,16.2,0,41875,80.3,0.2
os_unfair_lock,1000000,16.2,0,57083,90.6,0.2
os_unfair_lock,1000000,16.2,0,40292,71.3,0.1
os_unfair_lock,1000000,16.1,0,30458,57.7,0.1
os_unfair_lock,1000000,16.1,0,39584,71.2,0.1
os_unfair_lock,1000000,16.2,0,80125,97.0,0.2
os_unfair_lock,1000000,16.0,0,29417,44.1,0.1
os_unfair_lock,1000000,16.0,0,35834,50.9,0.1
os_unfair_lock,1000000,16.0,0,19625,39.0,0.1
os_unfair_lock,1000000,16.1,0,48459,63.3,0.1
os_unfair_lock,1000000,16.2,0,79625,102.4,0.2
os_unfair_lock,1000000,16.1,0,49084,69.3,0.1
os_unfair_lock,1000000,16.1,0,46375,63.7,0.1
os_unfair_lock,1000000,16.1,0,79084,95.0,0.2
os_unfair_lock,1000000,16.1,0,29041,51.5,0.1
os_unfair_lock,1000000,16.0,0,14709,35.3,0.1
os_unfair_lock,1000000,15.9,0,13917,31.0,0.1
os_unfair_lock,1000000,15.9,0,8334,25.1,0.0
os_unfair_lock,1000000,28.2,0,3757459,5555.2,10.9
os_unfair_lock,1000000,16.1,0,24042,48.3,0.1
os_unfair_lock,1000000,16.0,0,23666,49.0,0.1
os_unfair_lock,1000000,16.0,0,19833,47.9,0.1
os_unfair_lock,1000000,16.1,0,31167,60.1,0.1
os_unfair_lock,1000000,16.0,0,20750,44.4,0.1
os_unfair_lock,1000000,16.1,0,46167,71.7,0.1
os_unfair_lock,1000000,16.1,0,46834,77.9,0.2
os_unfair_lock,1000000,16.2,0,26584,68.3,0.1
os_unfair_lock,1000000,16.0,0,19000,47.0,0.1
os_unfair_lock,1000000,16.3,0,42416,90.7,0.2
os_unfair_lock,1000000,16.6,0,44000,116.5,0.2
os_unfair_lock,1000000,16.3,0,39083,74.5,0.1
os_unfair_lock,1000000,16.4,0,41917,87.5,0.2
os_unfair_lock,1000000,16.0,0,37833,56.7,0.1
os_unfair_lock,1000000,16.2,0,67833,94.3,0.2
os_unfair_lock,1000000,16.4,0,39250,90.3,0.2
os_unfair_lock,1000000,15.9,0,17667,30.0,0.1
os_unfair_lock,1000000,16.0,0,45542,59.2,0.1
os_unfair_lock,1000000,16.1,0,44375,59.0,0.1
os_unfair_lock,1000000,16.1,0,51042,77.9,0.2
os_unfair_lock,1000000,16.1,0,35334,63.0,0.1
os_unfair_lock,1000000,16.1,0,43959,64.5,0.1
os_unfair_lock,1000000,16.1,0,27042,66.8,0.1
os_unfair_lock,1000000,16.2,0,49333,86.6,0.2
os_unfair_lock,1000000,16.2,0,34916,80.2,0.2
os_unfair_lock,1000000,16.1,0,62708,78.1,0.2
os_unfair_lock,1000000,16.1,0,88500,99.6,0.2
os_unfair_lock,1000000,16.1,0,27500,47.6,0.1
os_unfair_lock,1000000,16.0,0,16875,37.7,0.1
os_unfair_lock,1000000,16.0,0,17084,36.0,0.1
os_unfair_lock,1000000,16.0,0,49208,61.8,0.1
os_unfair_lock,1000000,16.1,0,38083,62.9,0.1
os_unfair_lock,1000000,15.9,0,17041,30.8,0.1
os_unfair_lock,1000000,16.0,0,16167,39.3,0.1
os_unfair_lock,1000000,16.0,0,21125,41.5,0.1
os_unfair_lock,1000000,16.1,0,47291,72.5,0.1
os_unfair_lock,1000000,16.0,0,19291,39.2,0.1
os_unfair_lock,1000000,16.0,0,19917,41.6,0.1
atomic_flag,10000000,13.7,0,103916,58.4,0.0
atomic_flag,10000000,13.7,0,52709,39.6,0.0
atomic_flag,10000000,13.7,0,45375,43.6,0.0
atomic_flag,10000000,13.7,0,51042,48.4,0.0
atomic_flag,10000000,13.7,0,54791,47.1,0.0
atomic_flag,10000000,13.7,0,61000,44.5,0.0
atomic_flag,10000000,13.7,0,53375,43.6,0.0
atomic_flag,10000000,13.7,0,25750,31.9,0.0
atomic_flag,10000000,13.8,0,51833,44.4,0.0
atomic_flag,10000000,13.7,0,46250,39.6,0.0
atomic_flag,10000000,13.7,0,45666,42.5,0.0
atomic_flag,10000000,13.7,0,27833,36.9,0.0
atomic_flag,10000000,13.7,0,48208,45.2,0.0
atomic_flag,10000000,13.7,0,53541,42.3,0.0
atomic_flag,10000000,13.7,0,44417,40.4,0.0
atomic_flag,10000000,13.7,0,50042,34.0,0.0
atomic_flag,10000000,13.7,0,40542,33.8,0.0
atomic_flag,10000000,13.7,0,48667,35.7,0.0
atomic_flag,10000000,13.8,0,41125,68.9,0.0
atomic_flag,10000000,13.7,0,51167,40.3,0.0
atomic_flag,10000000,13.7,0,46959,34.4,0.0
atomic_flag,10000000,15.4,0,6752458,2556.3,1.6
atomic_flag,10000000,13.7,0,48334,40.8,0.0
atomic_flag,10000000,13.7,0,44500,38.6,0.0
atomic_flag,10000000,13.9,0,45291,65.2,0.0
atomic_flag,10000000,13.7,0,51583,44.5,0.0
atomic_flag,10000000,13.8,0,123167,69.5,0.0
atomic_flag,10000000,13.7,0,39042,40.6,0.0
atomic_flag,10000000,13.8,0,83250,54.5,0.0
atomic_flag,10000000,13.7,0,50833,42.5,0.0
atomic_flag,10000000,13.7,0,46208,44.2,0.0
atomic_flag,10000000,13.7,0,50917,47.2,0.0
atomic_flag,10000000,13.7,0,68375,48.0,0.0
atomic_flag,10000000,13.7,0,47333,47.5,0.0
atomic_flag,10000000,13.7,0,46084,39.4,0.0
atomic_flag,10000000,13.7,0,53542,42.9,0.0
atomic_flag,10000000,13.7,0,47166,40.1,0.0
atomic_flag,10000000,13.7,0,57709,47.6,0.0
atomic_flag,10000000,13.8,0,53917,51.1,0.0
atomic_flag,10000000,13.7,0,95625,55.0,0.0
atomic_flag,10000000,13.7,0,54792,42.1,0.0
atomic_flag,10000000,13.7,0,51041,43.8,0.0
atomic_flag,10000000,13.8,0,98917,51.5,0.0
atomic_flag,10000000,13.7,0,46167,41.2,0.0
atomic_flag,10000000,13.7,0,31958,37.2,0.0
atomic_flag,10000000,13.7,0,36667,36.5,0.0
atomic_flag,10000000,13.7,0,50208,43.0,0.0
atomic_flag,10000000,13.7,0,46000,38.5,0.0
atomic_flag,10000000,13.9,0,56416,62.0,0.0
atomic_flag,10000000,15.2,0,5590042,1929.0,1.2
atomic_flag,10000000,13.8,0,77250,63.9,0.0
atomic_flag,10000000,13.9,0,50792,70.7,0.0
atomic_flag,10000000,13.8,0,52208,49.7,0.0
atomic_flag,10000000,13.7,0,37917,39.3,0.0
atomic_flag,10000000,13.9,0,99375,76.7,0.0
atomic_flag,10000000,13.8,0,48083,57.2,0.0
atomic_flag,10000000,13.8,0,61500,56.3,0.0
atomic_flag,10000000,13.9,0,45167,71.7,0.0
atomic_flag,10000000,13.8,0,51834,60.4,0.0
atomic_flag,10000000,13.8,0,51209,53.2,0.0
atomic_flag,10000000,15.9,0,9022792,3172.5,2.0
atomic_flag,10000000,13.9,0,98084,86.1,0.1
atomic_flag,10000000,13.8,0,79417,57.2,0.0
atomic_flag,10000000,13.8,0,55959,52.9,0.0
atomic_flag,10000000,13.8,0,98708,53.5,0.0
atomic_flag,10000000,13.8,0,64750,52.3,0.0
atomic_flag,10000000,13.7,0,43375,32.9,0.0
atomic_flag,10000000,13.7,0,44125,40.6,0.0
atomic_flag,10000000,13.7,0,56250,51.1,0.0
atomic_flag,10000000,13.7,0,41166,45.2,0.0
atomic_flag,10000000,13.7,0,47583,48.6,0.0
atomic_flag,10000000,13.7,0,42625,38.9,0.0
atomic_flag,10000000,13.7,0,47292,48.1,0.0
atomic_flag,10000000,13.8,0,42458,39.6,0.0
atomic_flag,10000000,13.7,0,43250,40.0,0.0
atomic_flag,10000000,13.7,0,50541,48.0,0.0
atomic_flag,10000000,13.7,0,60667,40.6,0.0
atomic_flag,10000000,13.7,0,38875,41.5,0.0
atomic_flag,10000000,13.7,0,52166,41.5,0.0
atomic_flag,10000000,13.8,0,58208,50.6,0.0
atomic_flag,10000000,13.8,0,58250,52.7,0.0
atomic_flag,10000000,13.7,0,38125,41.6,0.0
atomic_flag,10000000,13.7,0,40209,45.7,0.0
atomic_flag,10000000,13.7,0,41375,40.5,0.0
atomic_flag,10000000,13.7,0,48416,39.9,0.0
atomic_flag,10000000,13.7,0,45875,40.2,0.0
atomic_flag,10000000,13.7,0,36583,38.5,0.0
atomic_flag,10000000,13.7,0,59000,41.1,0.0
atomic_flag,10000000,13.7,0,39667,40.5,0.0
atomic_flag,10000000,13.7,0,61708,48.0,0.0
atomic_flag,10000000,13.8,0,51167,49.0,0.0
atomic_flag,10000000,13.8,0,67834,51.7,0.0
atomic_flag,10000000,13.7,0,44083,42.7,0.0
atomic_flag,10000000,13.7,0,36542,35.9,0.0
atomic_flag,10000000,13.7,0,54750,41.7,0.0
atomic_flag,10000000,13.7,0,47459,37.7,0.0
atomic_flag,10000000,13.7,0,49709,46.5,0.0
atomic_flag,10000000,13.7,0,36583,33.8,0.0
atomic_flag,10000000,14.9,0,10325000,3266.3,2.0
atomic_flag,10000000,13.7,0,61125,40.0,0.0
os_unfair_lock,10000000,15.9,0,44042,34.3,0.0
os_unfair_lock,10000000,15.9,0,50125,40.7,0.0
os_unfair_lock,10000000,15.9,0,74917,40.5,0.0
os_unfair_lock,10000000,15.9,0,45667,38.7,0.0
os_unfair_lock,10000000,15.9,0,55250,44.0,0.0
os_unfair_lock,10000000,16.0,0,47417,42.7,0.0
os_unfair_lock,10000000,16.0,0,24666,30.9,0.0
os_unfair_lock,10000000,15.9,0,71833,45.3,0.0
os_unfair_lock,10000000,16.0,0,48375,48.7,0.0
os_unfair_lock,10000000,16.0,0,110000,59.9,0.0
os_unfair_lock,10000000,16.0,0,56542,53.5,0.0
os_unfair_lock,10000000,16.0,0,51125,48.1,0.0
os_unfair_lock,10000000,16.0,0,48917,40.8,0.0
os_unfair_lock,10000000,16.0,0,47500,48.3,0.0
os_unfair_lock,10000000,16.0,0,45000,43.9,0.0
os_unfair_lock,10000000,16.0,0,52750,52.1,0.0
os_unfair_lock,10000000,16.0,0,47458,41.6,0.0
os_unfair_lock,10000000,16.0,0,54042,43.2,0.0
os_unfair_lock,10000000,16.0,0,46875,49.6,0.0
os_unfair_lock,10000000,16.0,0,58917,49.8,0.0
os_unfair_lock,10000000,16.0,0,47584,42.0,0.0
os_unfair_lock,10000000,16.0,0,53333,36.6,0.0
os_unfair_lock,10000000,16.0,0,87084,45.3,0.0
os_unfair_lock,10000000,16.0,0,47709,41.5,0.0
os_unfair_lock,10000000,15.9,0,35834,32.2,0.0
os_unfair_lock,10000000,16.2,0,1708042,546.3,0.3
os_unfair_lock,10000000,16.0,0,49875,51.2,0.0
os_unfair_lock,10000000,16.0,0,48000,57.5,0.0
os_unfair_lock,10000000,16.0,0,50667,50.1,0.0
os_unfair_lock,10000000,16.0,0,48417,42.7,0.0
os_unfair_lock,10000000,16.0,0,46667,42.5,0.0
os_unfair_lock,10000000,15.9,0,38291,39.9,0.0
os_unfair_lock,10000000,16.0,0,39500,42.8,0.0
os_unfair_lock,10000000,16.0,0,36125,34.6,0.0
os_unfair_lock,10000000,16.0,0,55583,51.8,0.0
os_unfair_lock,10000000,16.0,0,52834,43.1,0.0
os_unfair_lock,10000000,15.9,0,37875,35.6,0.0
os_unfair_lock,10000000,16.0,0,45625,44.5,0.0
os_unfair_lock,10000000,16.0,0,50583,36.6,0.0
os_unfair_lock,10000000,16.0,0,54291,49.2,0.0
os_unfair_lock,10000000,15.9,0,48708,40.7,0.0
os_unfair_lock,10000000,16.0,0,43833,42.8,0.0
os_unfair_lock,10000000,15.9,0,47042,38.3,0.0
os_unfair_lock,10000000,16.0,0,46458,47.2,0.0
os_unfair_lock,10000000,16.0,0,46959,43.7,0.0
os_unfair_lock,10000000,15.9,0,49792,38.6,0.0
os_unfair_lock,10000000,15.9,0,46750,39.9,0.0
os_unfair_lock,10000000,15.9,0,49083,38.9,0.0
os_unfair_lock,10000000,16.0,0,55709,49.0,0.0
os_unfair_lock,10000000,16.0,0,54458,46.9,0.0
os_unfair_lock,10000000,16.0,0,50791,49.6,0.0
os_unfair_lock,10000000,16.0,0,87875,63.8,0.0
os_unfair_lock,10000000,16.0,0,44708,42.4,0.0
os_unfair_lock,10000000,16.0,0,47833,53.3,0.0
os_unfair_lock,10000000,16.0,0,62292,45.7,0.0
os_unfair_lock,10000000,16.0,0,47667,51.2,0.0
os_unfair_lock,10000000,16.0,0,44958,45.5,0.0
os_unfair_lock,10000000,16.0,0,32417,43.2,0.0
os_unfair_lock,10000000,16.0,0,51542,47.5,0.0
os_unfair_lock,10000000,16.0,0,58209,47.3,0.0
os_unfair_lock,10000000,16.0,0,49959,47.8,0.0
os_unfair_lock,10000000,16.0,0,50500,48.5,0.0
os_unfair_lock,10000000,16.1,0,44084,55.6,0.0
os_unfair_lock,10000000,16.0,0,59542,43.4,0.0
os_unfair_lock,10000000,16.0,0,31500,38.3,0.0
os_unfair_lock,10000000,16.0,0,28958,37.5,0.0
os_unfair_lock,10000000,16.0,0,41417,44.9,0.0
os_unfair_lock,10000000,15.9,0,56708,41.7,0.0
os_unfair_lock,10000000,16.0,0,43416,39.7,0.0
os_unfair_lock,10000000,17.4,0,7540625,2644.7,1.6
os_unfair_lock,10000000,16.0,0,33458,39.4,0.0
os_unfair_lock,10000000,16.0,0,53375,46.9,0.0
os_unfair_lock,10000000,16.0,0,66208,49.7,0.0
os_unfair_lock,10000000,15.9,0,43750,38.6,0.0
os_unfair_lock,10000000,16.0,0,51166,41.7,0.0
os_unfair_lock,10000000,15.9,0,45875,40.3,0.0
os_unfair_lock,10000000,16.0,0,50041,51.9,0.0
os_unfair_lock,10000000,15.9,0,37375,34.5,0.0
os_unfair_lock,10000000,15.9,0,48709,35.6,0.0
os_unfair_lock,10000000,16.0,0,29625,35.3,0.0
os_unfair_lock,10000000,16.0,0,47042,47.8,0.0
os_unfair_lock,10000000,15.9,0,43750,35.2,0.0
os_unfair_lock,10000000,16.0,0,51000,44.6,0.0
os_unfair_lock,10000000,16.0,0,71792,54.6,0.0
os_unfair_lock,10000000,16.0,0,52709,44.9,0.0
os_unfair_lock,10000000,16.0,0,50166,52.8,0.0
os_unfair_lock,10000000,16.0,0,29000,38.7,0.0
os_unfair_lock,10000000,16.0,0,98792,51.4,0.0
os_unfair_lock,10000000,16.0,0,50708,47.2,0.0
os_unfair_lock,10000000,16.0,0,45500,48.5,0.0
os_unfair_lock,10000000,16.0,0,47583,48.1,0.0
os_unfair_lock,10000000,16.0,0,50834,46.3,0.0
os_unfair_lock,10000000,16.0,0,35000,38.7,0.0
os_unfair_lock,10000000,16.0,0,43291,44.3,0.0
os_unfair_lock,10000000,15.9,0,49250,42.3,0.0
os_unfair_lock,10000000,16.0,0,40792,40.6,0.0
os_unfair_lock,10000000,16.0,0,40291,44.4,0.0
os_unfair_lock,10000000,16.0,0,39542,44.9,0.0
os_unfair_lock,10000000,16.0,0,50584,54.4,0.0
os_unfair_lock,10000000,16.0,0,45959,42.6,0.0
atomic_flag,100000000,13.8,0,2962917,314.3,0.1
atomic_flag,100000000,13.7,0,61458,42.1,0.0
atomic_flag,100000000,13.8,0,5256958,542.2,0.1
atomic_flag,100000000,13.7,0,120083,47.6,0.0
atomic_flag,100000000,13.7,0,54041,35.3,0.0
atomic_flag,100000000,13.7,0,53542,37.5,0.0
atomic_flag,100000000,13.7,0,52000,36.0,0.0
atomic_flag,100000000,13.7,0,82500,36.6,0.0
atomic_flag,100000000,14.3,0,16337250,1924.7,0.4
atomic_flag,100000000,14.3,0,28127250,2903.9,0.6
atomic_flag,100000000,13.9,0,155417,68.6,0.0
atomic_flag,100000000,13.9,0,2973417,433.2,0.1
atomic_flag,100000000,13.9,0,7469083,939.7,0.2
atomic_flag,100000000,14.5,0,26036916,2798.9,0.5
atomic_flag,100000000,13.9,0,113209,70.3,0.0
atomic_flag,100000000,14.1,0,9320250,1010.2,0.2
atomic_flag,100000000,14.0,0,8886625,895.3,0.2
atomic_flag,100000000,14.0,0,1740084,254.6,0.0
atomic_flag,100000000,14.3,0,13005875,1501.9,0.3
atomic_flag,100000000,14.2,0,3359375,626.9,0.1
atomic_flag,100000000,14.2,0,23519458,2407.8,0.5
atomic_flag,100000000,13.9,0,127792,70.5,0.0
atomic_flag,100000000,13.9,0,2620667,301.6,0.1
atomic_flag,100000000,14.0,0,3867084,655.1,0.1
atomic_flag,100000000,13.9,0,4026708,468.0,0.1
atomic_flag,100000000,14.2,0,3876417,447.2,0.1
atomic_flag,100000000,13.8,0,1116125,171.7,0.0
atomic_flag,100000000,13.8,0,52958,46.5,0.0
atomic_flag,100000000,13.7,0,55958,36.3,0.0
atomic_flag,100000000,13.7,0,92916,41.2,0.0
atomic_flag,100000000,13.7,0,53792,39.0,0.0
atomic_flag,100000000,13.7,0,109167,38.3,0.0
atomic_flag,100000000,13.8,0,1561333,166.2,0.0
atomic_flag,100000000,13.8,0,1298083,137.3,0.0
atomic_flag,100000000,13.7,0,219333,46.8,0.0
atomic_flag,100000000,13.7,0,50584,40.5,0.0
atomic_flag,100000000,13.7,0,50750,43.2,0.0
atomic_flag,100000000,13.7,0,61208,41.5,0.0
atomic_flag,100000000,13.7,0,58125,38.5,0.0
atomic_flag,100000000,13.8,0,2501875,258.7,0.1
atomic_flag,100000000,13.7,0,67166,47.9,0.0
atomic_flag,100000000,13.7,0,58583,39.1,0.0
atomic_flag,100000000,13.7,0,117333,44.9,0.0
atomic_flag,100000000,13.7,0,75958,45.3,0.0
atomic_flag,100000000,13.7,0,57916,38.3,0.0
atomic_flag,100000000,13.7,0,62166,36.9,0.0
atomic_flag,100000000,13.7,0,54833,35.6,0.0
atomic_flag,100000000,13.8,0,3299500,339.2,0.1
atomic_flag,100000000,13.7,0,48917,40.1,0.0
atomic_flag,100000000,13.7,0,47875,38.7,0.0
atomic_flag,100000000,13.7,0,61875,36.8,0.0
atomic_flag,100000000,13.7,0,64041,43.1,0.0
atomic_flag,100000000,13.7,0,70542,40.1,0.0
atomic_flag,100000000,13.8,0,1676292,185.5,0.0
atomic_flag,100000000,13.7,0,59375,36.3,0.0
atomic_flag,100000000,13.7,0,57042,40.5,0.0
atomic_flag,100000000,13.7,0,58584,41.0,0.0
atomic_flag,100000000,13.7,0,52375,36.4,0.0
atomic_flag,100000000,13.8,0,53416,33.2,0.0
atomic_flag,100000000,13.7,0,58208,38.4,0.0
atomic_flag,100000000,13.8,0,8309292,833.8,0.2
atomic_flag,100000000,13.7,0,67042,42.2,0.0
atomic_flag,100000000,13.7,0,56750,43.5,0.0
atomic_flag,100000000,13.7,0,50250,37.9,0.0
atomic_flag,100000000,32.0,0,128134166,17565.1,3.4
atomic_flag,100000000,24.0,0,30163166,6630.3,1.3
atomic_flag,100000000,24.5,0,31144667,6856.6,1.3
atomic_flag,100000000,14.0,0,1264708,184.3,0.0
atomic_flag,100000000,13.9,0,1130958,127.8,0.0
atomic_flag,100000000,14.2,0,6992167,715.6,0.1
atomic_flag,100000000,13.7,0,72375,37.9,0.0
atomic_flag,100000000,13.7,0,54417,37.5,0.0
atomic_flag,100000000,13.7,0,51625,39.8,0.0
atomic_flag,100000000,13.8,0,130875,40.3,0.0
atomic_flag,100000000,13.7,0,54834,28.9,0.0
atomic_flag,100000000,13.7,0,55833,35.5,0.0
atomic_flag,100000000,13.8,0,3371708,378.0,0.1
atomic_flag,100000000,14.6,0,9621292,1449.2,0.3
atomic_flag,100000000,28.1,0,24811667,5795.8,1.1
atomic_flag,100000000,28.1,0,48673583,8192.7,1.6
atomic_flag,100000000,13.9,0,708334,162.0,0.0
atomic_flag,100000000,13.9,0,3619292,511.4,0.1
atomic_flag,100000000,13.8,0,110666,48.4,0.0
atomic_flag,100000000,13.7,0,73958,41.6,0.0
atomic_flag,100000000,13.8,0,170334,53.1,0.0
atomic_flag,100000000,13.7,0,71792,27.8,0.0
atomic_flag,100000000,13.7,0,71875,34.6,0.0
atomic_flag,100000000,13.7,0,54458,36.4,0.0
atomic_flag,100000000,13.9,0,5980833,887.0,0.2
atomic_flag,100000000,13.8,0,292125,66.0,0.0
atomic_flag,100000000,13.7,0,802000,97.9,0.0
atomic_flag,100000000,13.8,0,7779125,780.5,0.2
atomic_flag,100000000,13.7,0,55375,42.1,0.0
atomic_flag,100000000,13.7,0,53833,35.1,0.0
atomic_flag,100000000,13.8,0,1001292,140.1,0.0
atomic_flag,100000000,14.1,0,5190750,594.0,0.1
atomic_flag,100000000,13.7,0,120125,38.4,0.0
atomic_flag,100000000,13.7,0,57208,38.8,0.0
atomic_flag,100000000,13.7,0,60000,41.8,0.0
atomic_flag,100000000,13.8,0,2576083,367.3,0.1
os_unfair_lock,100000000,16.0,0,573250,75.1,0.0
os_unfair_lock,100000000,16.2,0,6824000,1023.2,0.2
os_unfair_lock,100000000,16.0,0,55292,42.8,0.0
os_unfair_lock,100000000,16.0,0,53250,41.1,0.0
os_unfair_lock,100000000,15.9,0,70459,39.3,0.0
os_unfair_lock,100000000,16.0,0,67375,44.2,0.0
os_unfair_lock,100000000,16.0,0,55291,46.2,0.0
os_unfair_lock,100000000,16.0,0,1476375,188.9,0.0
os_unfair_lock,100000000,16.0,0,51959,41.7,0.0
os_unfair_lock,100000000,15.9,0,53208,38.5,0.0
os_unfair_lock,100000000,16.3,0,976375,135.6,0.0
os_unfair_lock,100000000,16.0,0,1748375,185.0,0.0
os_unfair_lock,100000000,16.0,0,60292,40.9,0.0
os_unfair_lock,100000000,16.0,0,93042,44.3,0.0
os_unfair_lock,100000000,16.0,0,2066417,341.5,0.1
os_unfair_lock,100000000,15.9,0,59792,39.6,0.0
os_unfair_lock,100000000,15.9,0,59166,41.0,0.0
os_unfair_lock,100000000,15.9,0,53084,38.5,0.0
os_unfair_lock,100000000,16.0,0,790166,92.9,0.0
os_unfair_lock,100000000,16.1,0,1584458,184.9,0.0
os_unfair_lock,100000000,16.1,0,2756958,434.3,0.1
os_unfair_lock,100000000,16.2,0,116375,70.6,0.0
os_unfair_lock,100000000,16.0,0,60542,43.9,0.0
os_unfair_lock,100000000,16.0,0,61208,42.9,0.0
os_unfair_lock,100000000,15.9,0,64708,39.8,0.0
os_unfair_lock,100000000,15.9,0,53125,41.1,0.0
os_unfair_lock,100000000,16.0,0,61083,42.9,0.0
os_unfair_lock,100000000,16.0,0,1946375,216.2,0.0
os_unfair_lock,100000000,16.0,0,57291,38.0,0.0
os_unfair_lock,100000000,16.0,0,64625,42.4,0.0
os_unfair_lock,100000000,16.0,0,54125,42.0,0.0
os_unfair_lock,100000000,16.0,0,278750,54.5,0.0
os_unfair_lock,100000000,16.0,0,59916,42.9,0.0
os_unfair_lock,100000000,16.0,0,3673792,388.5,0.1
os_unfair_lock,100000000,16.0,0,93792,45.8,0.0
os_unfair_lock,100000000,16.0,0,54792,46.7,0.0
os_unfair_lock,100000000,16.0,0,84959,42.0,0.0
os_unfair_lock,100000000,16.0,0,50917,36.9,0.0
os_unfair_lock,100000000,15.9,0,72625,36.9,0.0
os_unfair_lock,100000000,16.1,0,4798000,633.5,0.1
os_unfair_lock,100000000,15.9,0,81041,41.8,0.0
os_unfair_lock,100000000,16.0,0,82417,47.0,0.0
os_unfair_lock,100000000,16.1,0,1766959,279.2,0.1
os_unfair_lock,100000000,16.0,0,67083,40.3,0.0
os_unfair_lock,100000000,16.0,0,91791,50.8,0.0
os_unfair_lock,100000000,15.9,0,51583,36.6,0.0
os_unfair_lock,100000000,16.0,0,481167,62.0,0.0
os_unfair_lock,100000000,16.0,0,69792,52.9,0.0
os_unfair_lock,100000000,16.2,0,1774208,260.8,0.1
os_unfair_lock,100000000,16.1,0,457541,79.6,0.0
os_unfair_lock,100000000,16.2,0,690750,123.0,0.0
os_unfair_lock,100000000,18.0,0,11345583,1562.8,0.3
os_unfair_lock,100000000,16.0,0,88334,33.5,0.0
os_unfair_lock,100000000,16.1,0,475250,69.3,0.0
os_unfair_lock,100000000,16.0,0,330209,61.2,0.0
os_unfair_lock,100000000,16.0,0,162958,44.0,0.0
os_unfair_lock,100000000,16.0,0,319708,54.9,0.0
os_unfair_lock,100000000,16.2,0,2868708,340.0,0.1
os_unfair_lock,100000000,15.9,0,83792,23.8,0.0
os_unfair_lock,100000000,15.9,0,44167,23.2,0.0
os_unfair_lock,100000000,15.9,0,42584,22.8,0.0
os_unfair_lock,100000000,15.9,0,34625,21.7,0.0
os_unfair_lock,100000000,15.9,0,63417,31.7,0.0
os_unfair_lock,100000000,16.0,0,2478083,315.5,0.1
os_unfair_lock,100000000,16.1,0,649500,109.2,0.0
os_unfair_lock,100000000,16.1,0,15323459,1535.2,0.3
os_unfair_lock,100000000,15.9,0,250958,46.5,0.0
os_unfair_lock,100000000,15.9,0,59791,33.2,0.0
os_unfair_lock,100000000,15.9,0,49958,32.9,0.0
os_unfair_lock,100000000,15.9,0,52583,30.9,0.0
os_unfair_lock,100000000,15.9,0,53416,33.6,0.0
os_unfair_lock,100000000,15.9,0,58459,31.9,0.0
os_unfair_lock,100000000,15.9,0,48750,31.9,0.0
os_unfair_lock,100000000,15.9,0,57208,34.0,0.0
os_unfair_lock,100000000,15.9,0,51875,32.8,0.0
os_unfair_lock,100000000,15.9,0,50250,30.8,0.0
os_unfair_lock,100000000,15.9,0,56083,32.3,0.0
os_unfair_lock,100000000,15.9,0,56667,32.6,0.0
os_unfair_lock,100000000,15.9,0,52834,30.8,0.0
os_unfair_lock,100000000,15.9,0,46917,34.0,0.0
os_unfair_lock,100000000,15.9,0,64042,34.1,0.0
os_unfair_lock,100000000,15.9,0,64417,34.4,0.0
os_unfair_lock,100000000,16.0,0,181833,54.0,0.0
os_unfair_lock,100000000,16.0,0,203917,63.7,0.0
os_unfair_lock,100000000,15.9,0,50000,33.6,0.0
os_unfair_lock,100000000,15.9,0,50500,31.9,0.0
os_unfair_lock,100000000,15.9,0,51417,30.5,0.0
os_unfair_lock,100000000,15.9,0,45500,30.8,0.0
os_unfair_lock,100000000,15.9,0,494292,60.0,0.0
os_unfair_lock,100000000,15.9,0,57083,30.4,0.0
os_unfair_lock,100000000,15.9,0,55875,29.4,0.0
os_unfair_lock,100000000,15.9,0,50458,29.4,0.0
os_unfair_lock,100000000,15.9,0,60834,31.9,0.0
os_unfair_lock,100000000,15.9,0,58500,32.0,0.0
os_unfair_lock,100000000,15.9,0,126541,43.0,0.0
os_unfair_lock,100000000,15.9,0,119084,31.6,0.0
os_unfair_lock,100000000,15.9,0,67708,32.8,0.0
os_unfair_lock,100000000,15.9,0,54709,32.7,0.0
os_unfair_lock,100000000,15.9,0,57000,33.4,0.0
os_unfair_lock,100000000,15.9,0,66000,32.6,0.0
